{
  "version": 1,
  "author": "Banuka Liyanage",
  "editor": "wokwi",
  "parts": [
    { "type": "wokwi-breadboard", "id": "bb1", "top": 64.2, "left": -371.6, "attrs": {} },
    { "type": "wokwi-breadboard", "id": "bb2", "top": 275.4, "left": -371.6, "attrs": {} },
    {
      "type": "board-esp32-devkit-c-v4",
      "id": "esp",
      "top": 55.94,
      "left": -207.5,
      "rotate": 90,
      "attrs": {}
    },
    {
      "type": "board-ssd1306",
      "id": "oled1",
      "top": 329.54,
      "left": 67.43,
      "attrs": { "i2cAddress": "0x3c" }
    },
    {
      "type": "wokwi-dht22",
      "id": "dht1",
      "top": 77.1,
      "left": 321,
      "attrs": { "temperature": "17.9", "humidity": "60" }
    },
    {
      "type": "wokwi-buzzer",
      "id": "bz1",
      "top": 319.2,
      "left": -103.8,
      "attrs": { "volume": "0.1" }
    },
    {
      "type": "wokwi-resistor",
      "id": "r1",
      "top": 100.8,
      "left": 28.25,
      "rotate": 90,
      "attrs": { "value": "220" }
    },
    {
      "type": "wokwi-pushbutton-6mm",
      "id": "btn1",
      "top": 154.1,
      "left": 147.5,
      "rotate": 90,
      "attrs": { "color": "black", "xray": "1" }
    },
    {
      "type": "wokwi-resistor",
      "id": "r2",
      "top": 100.8,
      "left": 57.05,
      "rotate": 90,
      "attrs": { "value": "220" }
    },
    {
      "type": "wokwi-resistor",
      "id": "r3",
      "top": 100.8,
      "left": 114.65,
      "rotate": 90,
      "attrs": { "value": "220" }
    },
    {
      "type": "wokwi-resistor",
      "id": "r4",
      "top": 100.8,
      "left": 143.45,
      "rotate": 90,
      "attrs": { "value": "220" }
    },
    {
      "type": "wokwi-resistor",
      "id": "r5",
      "top": 436.8,
      "left": -240.55,
      "rotate": 90,
      "attrs": { "value": "220" }
    },
    {
      "type": "wokwi-resistor",
      "id": "r6",
      "top": 436.8,
      "left": -298.15,
      "rotate": 90,
      "attrs": { "value": "220" }
    },
    {
      "type": "wokwi-pushbutton-6mm",
      "id": "btn2",
      "top": 182.9,
      "left": 99.5,
      "rotate": 90,
      "attrs": { "color": "blue", "xray": "1" }
    },
    {
      "type": "wokwi-pushbutton-6mm",
      "id": "btn3",
      "top": 154.1,
      "left": 51.5,
      "rotate": 90,
      "attrs": { "color": "yellow", "xray": "1" }
    },
    {
      "type": "wokwi-pushbutton-6mm",
      "id": "btn4",
      "top": 125.3,
      "left": 99.5,
      "rotate": 90,
      "attrs": { "color": "red", "xray": "1" }
    },
    {
      "type": "wokwi-led",
      "id": "led1",
      "top": 361.2,
      "left": -226.6,
      "attrs": { "color": "red" }
    },
    {
      "type": "wokwi-led",
      "id": "led2",
      "top": 361.2,
      "left": -284.2,
      "attrs": { "color": "red" }
    },
    {
      "type": "wokwi-resistor",
      "id": "r7",
      "top": 436.8,
      "left": -106.15,
      "rotate": 90,
      "attrs": { "value": "220" }
    },
    { "type": "wokwi-servo", "id": "servo1", "top": 362.8, "left": 393.6, "attrs": {} },
    {
      "type": "wokwi-photoresistor-sensor",
      "id": "ldr1",
      "top": 124.5,
      "left": 359.3,
      "rotate": 90,
      "attrs": {}
    },
    {
      "type": "wokwi-hx711",
      "id": "cell1",
      "top": 175.4,
      "left": -592.6,
      "attrs": { "type": "5kg" }
    }
  ],
  "connections": [
    [ "esp:TX", "$serialMonitor:RX", "", [] ],
    [ "esp:RX", "$serialMonitor:TX", "", [] ],
    [ "esp:GND.1", "bb1:tn.12", "black", [ "v0" ] ],
    [ "esp:5V", "bb1:tp.8", "red", [ "v0" ] ],
    [ "bb1:tp.1", "bb2:tp.1", "red", [ "v0" ] ],
    [ "bb1:tn.2", "bb2:bn.2", "black", [ "v0" ] ],
    [ "dht1:VCC", "bb2:tp.50", "red", [ "v0" ] ],
    [ "dht1:GND", "bb2:bn.50", "black", [ "v0" ] ],
    [ "esp:12", "dht1:SDA", "cyan", [ "v-67.05", "h489.6", "v220.8", "h48" ] ],
    [ "bb1:46t.d", "bb1:46b.f", "purple", [ "v0" ] ],
    [ "bb1:tn.3", "bb2:tn.3", "black", [ "v0" ] ],
    [ "oled1:VCC", "bb2:tp.40", "red", [ "v0" ] ],
    [ "oled1:GND", "bb2:tn.39", "black", [ "v0" ] ],
    [ "bb1:24b.j", "bb2:51t.a", "orange", [ "v19.2", "h259.2" ] ],
    [ "esp:22", "bb2:50t.a", "orange", [ "v19.2", "h220.8" ] ],
    [ "esp:32", "btn2:2.r", "blue", [ "v-9.45", "h115.2", "v57.6" ] ],
    [ "esp:15", "bb2:11b.h", "#8f4814", [ "v19.2", "h-28.8" ] ],
    [ "bb2:10b.i", "bb2:11b.i", "#8f4814", [ "v0" ] ],
    [ "esp:2", "bb2:17b.h", "#8f4814", [ "v28.8", "h9.6" ] ],
    [ "bb2:17b.i", "bb2:16b.i", "#8f4814", [ "v0" ] ],
    [ "bb1:21b.j", "bb2:34b.f", "magenta", [ "v86.4", "h124.8" ] ],
    [ "bb2:30b.h", "bb2:34b.h", "magenta", [ "v0" ] ],
    [ "esp:34", "bb1:43b.g", "blue", [ "v-19.05", "h105.6", "v76.8" ] ],
    [ "btn3:1.l", "bb1:tn.36", "black", [ "v0" ] ],
    [ "bb1:46b.j", "bb1:48b.j", "purple", [ "v0" ] ],
    [ "bb1:tn.50", "bb1:50b.j", "black", [ "v0" ] ],
    [ "btn4:1.r", "bb1:52t.e", "purple", [ "v0" ] ],
    [ "esp:35", "bb1:50t.a", "blue", [ "v-57.45", "h249.6" ] ],
    [ "btn4:2.l", "bb1:tn.39", "black", [ "v0" ] ],
    [ "btn1:2.l", "bb1:tn.43", "black", [ "v0" ] ],
    [ "ldr1:VCC", "bb2:tp.49", "red", [ "v67.2", "h-249.6" ] ],
    [ "servo1:V+", "bb2:tp.48", "red", [ "h0" ] ],
    [ "servo1:GND", "bb2:bn.49", "black", [ "h0" ] ],
    [ "ldr1:GND", "bb2:bn.47", "black", [ "v76.8", "h-258.8" ] ],
    [ "servo1:PWM", "esp:27", "orange", [ "h-9.6", "v-422.2", "h-556.8" ] ],
    [ "esp:25", "bb1:55b.g", "blue", [ "v-95.85", "h345.6", "v153.6", "h0", "v57.6" ] ],
    [ "esp:33", "ldr1:AO", "cyan", [ "v-86.25", "h460.8", "v0", "h86.4", "v268.8", "h28.8" ] ],
    [ "bz1:1", "bb2:29b.g", "", [ "$bb" ] ],
    [ "bz1:2", "bb2:30b.g", "", [ "$bb" ] ],
    [ "r1:1", "bb1:tp.35", "", [ "$bb" ] ],
    [ "r1:2", "bb1:43t.c", "", [ "$bb" ] ],
    [ "btn1:1.l", "bb1:55t.e", "", [ "$bb" ] ],
    [ "btn1:2.l", "bb1:53t.e", "", [ "$bb" ] ],
    [ "btn1:1.r", "bb1:55b.f", "", [ "$bb" ] ],
    [ "btn1:2.r", "bb1:53b.f", "", [ "$bb" ] ],
    [ "r2:1", "bb1:tp.37", "", [ "$bb" ] ],
    [ "r2:2", "bb1:46t.c", "", [ "$bb" ] ],
    [ "r3:1", "bb1:tp.42", "", [ "$bb" ] ],
    [ "r3:2", "bb1:52t.c", "", [ "$bb" ] ],
    [ "r4:1", "bb1:tp.45", "", [ "$bb" ] ],
    [ "r4:2", "bb1:55t.c", "", [ "$bb" ] ],
    [ "r5:1", "bb2:15b.h", "", [ "$bb" ] ],
    [ "r5:2", "bb2:bn.11", "", [ "$bb" ] ],
    [ "r6:1", "bb2:9b.h", "", [ "$bb" ] ],
    [ "r6:2", "bb2:bn.6", "", [ "$bb" ] ],
    [ "btn2:1.l", "bb1:50b.f", "", [ "$bb" ] ],
    [ "btn2:2.l", "bb1:48b.f", "", [ "$bb" ] ],
    [ "btn2:1.r", "bb1:50b.i", "", [ "$bb" ] ],
    [ "btn2:2.r", "bb1:48b.i", "", [ "$bb" ] ],
    [ "btn3:1.l", "bb1:45t.e", "", [ "$bb" ] ],
    [ "btn3:2.l", "bb1:43t.e", "", [ "$bb" ] ],
    [ "btn3:1.r", "bb1:45b.f", "", [ "$bb" ] ],
    [ "btn3:2.r", "bb1:43b.f", "", [ "$bb" ] ],
    [ "btn4:1.l", "bb1:50t.b", "", [ "$bb" ] ],
    [ "btn4:2.l", "bb1:48t.b", "", [ "$bb" ] ],
    [ "btn4:1.r", "bb1:50t.e", "", [ "$bb" ] ],
    [ "btn4:2.r", "bb1:48t.e", "", [ "$bb" ] ],
    [ "led1:A", "bb2:16b.g", "", [ "$bb" ] ],
    [ "led1:C", "bb2:15b.g", "", [ "$bb" ] ],
    [ "led2:A", "bb2:10b.g", "", [ "$bb" ] ],
    [ "led2:C", "bb2:9b.g", "", [ "$bb" ] ],
    [ "r7:1", "bb2:29b.h", "", [ "$bb" ] ],
    [ "r7:2", "bb2:bn.23", "", [ "$bb" ] ],
    [ "oled1:GND", "bb2:48t.b", "", [ "$bb" ] ],
    [ "oled1:VCC", "bb2:49t.b", "", [ "$bb" ] ],
    [ "oled1:SCL", "bb2:50t.b", "", [ "$bb" ] ],
    [ "oled1:SDA", "bb2:51t.b", "", [ "$bb" ] ],
    [ "cell1:VCC", "bb2:tp.1", "red", [ "h-19.2", "v57.6" ] ],
    [ "bb1:tn.4", "cell1:GND", "black", [ "v-28.9", "h-288.8" ] ],
    [ "cell1:DT", "esp:13", "green", [ "h-19.2", "v-173.3", "h374.4" ] ],
    [ "cell1:SCK", "esp:14", "purple", [ "h-28.8", "v-212", "h432" ] ]
  ],
  "dependencies": {}
}